date,customer_name,customer_email_id,customer_ph_no,sku,territory,salesperson,quantity
2018-01-02,customer_01,customer_01@xyz.com,9043931318,sku_09,territory_03,salesperson_03,97
2018-01-02,customer_11,customer_11@xyz.com,9120138209,sku_04,territory_02,salesperson_02,89
2018-01-03,customer_06,customer_06@xyz.com,9562174179,sku_21,territory_01,salesperson_01,74
2018-01-03,customer_14,customer_14@xyz.com,9653837293,sku_11,territory_02,salesperson_02,62
2018-01-04,customer_10,customer_10@xyz.com,9943301838,sku_02,territory_01,salesperson_01,81
2018-01-04,customer_12,customer_12@xyz.com,9004497775,sku_22,territory_05,salesperson_05,91
2018-01-05,customer_02,customer_02@xyz.com,9262490696,sku_02,territory_02,salesperson_02,70
2018-01-06,customer_14,customer_14@xyz.com,9653837293,sku_07,territory_02,salesperson_02,67
2018-01-06,customer_10,customer_10@xyz.com,9943301838,sku_01,territory_01,salesperson_01,82
2018-01-07,customer_14,customer_14@xyz.com,9653837293,sku_14,territory_02,salesperson_02,94
2018-01-08,customer_12,customer_12@xyz.com,9004497775,sku_16,territory_05,salesperson_05,147
2018-01-09,customer_09,customer_09@xyz.com,9297274110,sku_17,territory_04,salesperson_04,143
2018-01-09,customer_06,customer_06@xyz.com,9562174179,sku_11,territory_01,salesperson_01,169
2018-01-10,customer_14,customer_14@xyz.com,9653837293,sku_03,territory_02,salesperson_02,189
2018-01-10,customer_12,customer_12@xyz.com,9004497775,sku_24,territory_05,salesperson_05,111
2018-01-12,customer_01,customer_01@xyz.com,9043931318,sku_01,territory_03,salesperson_03,117
2018-01-14,customer_12,customer_12@xyz.com,9004497775,sku_19,territory_05,salesperson_05,103
2018-01-14,customer_09,customer_09@xyz.com,9297274110,sku_22,territory_04,salesperson_04,137
2018-01-15,customer_11,customer_11@xyz.com,9120138209,sku_12,territory_02,salesperson_02,121
2018-01-15,customer_14,customer_14@xyz.com,9653837293,sku_16,territory_02,salesperson_02,188
2018-01-16,customer_01,customer_01@xyz.com,9043931318,sku_03,territory_03,salesperson_03,366
2018-01-17,customer_15,customer_15@xyz.com,9592555263,sku_04,territory_01,salesperson_01,306
2018-01-17,customer_15,customer_15@xyz.com,9592555263,sku_03,territory_01,salesperson_01,367
2018-01-17,customer_10,customer_10@xyz.com,9943301838,sku_19,territory_01,salesperson_01,367
2018-01-18,customer_12,customer_12@xyz.com,9004497775,sku_15,territory_05,salesperson_05,241
2018-01-20,customer_07,customer_07@xyz.com,9945519187,sku_23,territory_01,salesperson_01,260
2018-01-20,customer_13,customer_13@xyz.com,9813408165,sku_03,territory_05,salesperson_05,255
2018-01-20,customer_09,customer_09@xyz.com,9297274110,sku_07,territory_04,salesperson_04,337
2018-01-21,customer_10,customer_10@xyz.com,9943301838,sku_22,territory_01,salesperson_01,402
2018-01-22,customer_06,customer_06@xyz.com,9562174179,sku_08,territory_01,salesperson_01,225
2018-01-23,customer_02,customer_02@xyz.com,9262490696,sku_11,territory_02,salesperson_02,347
2018-01-23,customer_05,customer_05@xyz.com,9793954050,sku_06,territory_03,salesperson_03,351
2018-01-27,customer_13,customer_13@xyz.com,9813408165,sku_11,territory_05,salesperson_05,418
2018-01-28,customer_06,customer_06@xyz.com,9562174179,sku_17,territory_01,salesperson_01,489
2018-01-29,customer_15,customer_15@xyz.com,9592555263,sku_17,territory_01,salesperson_01,550
2018-01-29,customer_08,customer_08@xyz.com,9702439628,sku_04,territory_05,salesperson_05,456
2018-01-31,customer_05,customer_05@xyz.com,9793954050,sku_22,territory_03,salesperson_03,407
2018-01-31,customer_04,customer_04@xyz.com,9367845312,sku_06,territory_01,salesperson_01,433
2018-02-01,customer_03,customer_03@xyz.com,9622928160,sku_05,territory_01,salesperson_01,67
2018-02-02,customer_15,customer_15@xyz.com,9592555263,sku_23,territory_01,salesperson_01,75
2018-02-02,customer_05,customer_05@xyz.com,9793954050,sku_12,territory_03,salesperson_03,70
2018-02-03,customer_03,customer_03@xyz.com,9622928160,sku_13,territory_01,salesperson_01,105
2018-02-05,customer_12,customer_12@xyz.com,9004497775,sku_14,territory_05,salesperson_05,78
2018-02-06,customer_09,customer_09@xyz.com,9297274110,sku_11,territory_04,salesperson_04,102
2018-02-07,customer_13,customer_13@xyz.com,9813408165,sku_13,territory_05,salesperson_05,100
2018-02-08,customer_04,customer_04@xyz.com,9367845312,sku_22,territory_01,salesperson_01,146
2018-02-08,customer_15,customer_15@xyz.com,9592555263,sku_09,territory_01,salesperson_01,132
2018-02-11,customer_06,customer_06@xyz.com,9562174179,sku_25,territory_01,salesperson_01,112
2018-02-11,customer_10,customer_10@xyz.com,9943301838,sku_05,territory_01,salesperson_01,162
2018-02-12,customer_02,customer_02@xyz.com,9262490696,sku_13,territory_02,salesperson_02,187
2018-02-13,customer_02,customer_02@xyz.com,9262490696,sku_20,territory_02,salesperson_02,136
2018-02-13,customer_02,customer_02@xyz.com,9262490696,sku_08,territory_02,salesperson_02,118
2018-02-13,customer_13,customer_13@xyz.com,9813408165,sku_21,territory_05,salesperson_05,144
2018-02-15,customer_13,customer_13@xyz.com,9813408165,sku_18,territory_05,salesperson_05,361
2018-02-15,customer_04,customer_04@xyz.com,9367845312,sku_17,territory_01,salesperson_01,354
2018-02-15,customer_01,customer_01@xyz.com,9043931318,sku_18,territory_03,salesperson_03,275
2018-02-15,customer_02,customer_02@xyz.com,9262490696,sku_01,territory_02,salesperson_02,382
2018-02-15,customer_11,customer_11@xyz.com,9120138209,sku_18,territory_02,salesperson_02,246
2018-02-16,customer_01,customer_01@xyz.com,9043931318,sku_12,territory_03,salesperson_03,281
2018-02-16,customer_14,customer_14@xyz.com,9653837293,sku_18,territory_02,salesperson_02,252
2018-02-17,customer_06,customer_06@xyz.com,9562174179,sku_25,territory_01,salesperson_01,216
2018-02-18,customer_01,customer_01@xyz.com,9043931318,sku_15,territory_03,salesperson_03,217
2018-02-18,customer_15,customer_15@xyz.com,9592555263,sku_14,territory_01,salesperson_01,203
2018-02-19,customer_11,customer_11@xyz.com,9120138209,sku_11,territory_02,salesperson_02,258
2018-02-19,customer_05,customer_05@xyz.com,9793954050,sku_24,territory_03,salesperson_03,224
2018-02-19,customer_02,customer_02@xyz.com,9262490696,sku_24,territory_02,salesperson_02,231
2018-02-19,customer_15,customer_15@xyz.com,9592555263,sku_17,territory_01,salesperson_01,291
2018-02-19,customer_11,customer_11@xyz.com,9120138209,sku_19,territory_02,salesperson_02,321
2018-02-20,customer_15,customer_15@xyz.com,9592555263,sku_03,territory_01,salesperson_01,374
2018-02-20,customer_08,customer_08@xyz.com,9702439628,sku_20,territory_05,salesperson_05,369
2018-02-21,customer_06,customer_06@xyz.com,9562174179,sku_24,territory_01,salesperson_01,320
2018-02-24,customer_09,customer_09@xyz.com,9297274110,sku_21,territory_04,salesperson_04,468
2018-02-24,customer_10,customer_10@xyz.com,9943301838,sku_01,territory_01,salesperson_01,495
2018-02-24,customer_05,customer_05@xyz.com,9793954050,sku_12,territory_03,salesperson_03,495
2018-02-25,customer_07,customer_07@xyz.com,9945519187,sku_11,territory_01,salesperson_01,524
2018-02-25,customer_02,customer_02@xyz.com,9262490696,sku_13,territory_02,salesperson_02,403
2018-02-26,customer_11,customer_11@xyz.com,9120138209,sku_17,territory_02,salesperson_02,448
2018-02-27,customer_15,customer_15@xyz.com,9592555263,sku_16,territory_01,salesperson_01,420
2018-02-28,customer_04,customer_04@xyz.com,9367845312,sku_25,territory_01,salesperson_01,574
2018-02-28,customer_03,customer_03@xyz.com,9622928160,sku_13,territory_01,salesperson_01,486
2018-03-01,customer_03,customer_03@xyz.com,9622928160,sku_17,territory_01,salesperson_01,67
2018-03-02,customer_01,customer_01@xyz.com,9043931318,sku_05,territory_03,salesperson_03,55
2018-03-03,customer_14,customer_14@xyz.com,9653837293,sku_05,territory_02,salesperson_02,64
2018-03-03,customer_14,customer_14@xyz.com,9653837293,sku_12,territory_02,salesperson_02,93
2018-03-03,customer_01,customer_01@xyz.com,9043931318,sku_23,territory_03,salesperson_03,84
2018-03-03,customer_06,customer_06@xyz.com,9562174179,sku_09,territory_01,salesperson_01,91
2018-03-04,customer_11,customer_11@xyz.com,9120138209,sku_14,territory_02,salesperson_02,59
2018-03-05,customer_01,customer_01@xyz.com,9043931318,sku_04,territory_03,salesperson_03,80
2018-03-05,customer_14,customer_14@xyz.com,9653837293,sku_09,territory_02,salesperson_02,91
2018-03-08,customer_06,customer_06@xyz.com,9562174179,sku_16,territory_01,salesperson_01,160
2018-03-08,customer_13,customer_13@xyz.com,9813408165,sku_18,territory_05,salesperson_05,154
2018-03-08,customer_01,customer_01@xyz.com,9043931318,sku_13,territory_03,salesperson_03,149
2018-03-09,customer_01,customer_01@xyz.com,9043931318,sku_16,territory_03,salesperson_03,159
2018-03-09,customer_12,customer_12@xyz.com,9004497775,sku_24,territory_05,salesperson_05,115
2018-03-10,customer_11,customer_11@xyz.com,9120138209,sku_02,territory_02,salesperson_02,171
2018-03-10,customer_03,customer_03@xyz.com,9622928160,sku_17,territory_01,salesperson_01,149
2018-03-10,customer_07,customer_07@xyz.com,9945519187,sku_14,territory_01,salesperson_01,160
2018-03-12,customer_14,customer_14@xyz.com,9653837293,sku_20,territory_02,salesperson_02,185
2018-03-12,customer_14,customer_14@xyz.com,9653837293,sku_19,territory_02,salesperson_02,137
2018-03-12,customer_05,customer_05@xyz.com,9793954050,sku_18,territory_03,salesperson_03,118
2018-03-12,customer_15,customer_15@xyz.com,9592555263,sku_23,territory_01,salesperson_01,184
2018-03-13,customer_13,customer_13@xyz.com,9813408165,sku_01,territory_05,salesperson_05,181
2018-03-13,customer_03,customer_03@xyz.com,9622928160,sku_22,territory_01,salesperson_01,160
2018-03-15,customer_04,customer_04@xyz.com,9367845312,sku_23,territory_01,salesperson_01,179
2018-03-16,customer_04,customer_04@xyz.com,9367845312,sku_04,territory_01,salesperson_01,284
2018-03-16,customer_10,customer_10@xyz.com,9943301838,sku_14,territory_01,salesperson_01,235
2018-03-17,customer_15,customer_15@xyz.com,9592555263,sku_20,territory_01,salesperson_01,344
2018-03-20,customer_09,customer_09@xyz.com,9297274110,sku_09,territory_04,salesperson_04,234
2018-03-20,customer_08,customer_08@xyz.com,9702439628,sku_09,territory_05,salesperson_05,299
2018-03-21,customer_15,customer_15@xyz.com,9592555263,sku_11,territory_01,salesperson_01,319
2018-03-21,customer_01,customer_01@xyz.com,9043931318,sku_05,territory_03,salesperson_03,327
2018-03-21,customer_07,customer_07@xyz.com,9945519187,sku_10,territory_01,salesperson_01,323
2018-03-22,customer_01,customer_01@xyz.com,9043931318,sku_15,territory_03,salesperson_03,217
2018-03-22,customer_04,customer_04@xyz.com,9367845312,sku_06,territory_01,salesperson_01,293
2018-03-24,customer_04,customer_04@xyz.com,9367845312,sku_07,territory_01,salesperson_01,426
2018-03-24,customer_09,customer_09@xyz.com,9297274110,sku_24,territory_04,salesperson_04,493
2018-03-24,customer_07,customer_07@xyz.com,9945519187,sku_02,territory_01,salesperson_01,574
2018-03-26,customer_06,customer_06@xyz.com,9562174179,sku_03,territory_01,salesperson_01,452
2018-03-26,customer_12,customer_12@xyz.com,9004497775,sku_16,territory_05,salesperson_05,426
2018-03-26,customer_11,customer_11@xyz.com,9120138209,sku_18,territory_02,salesperson_02,599
2018-03-26,customer_10,customer_10@xyz.com,9943301838,sku_03,territory_01,salesperson_01,449
2018-03-27,customer_02,customer_02@xyz.com,9262490696,sku_02,territory_02,salesperson_02,479
2018-03-28,customer_13,customer_13@xyz.com,9813408165,sku_17,territory_05,salesperson_05,488
2018-03-29,customer_14,customer_14@xyz.com,9653837293,sku_16,territory_02,salesperson_02,513
2018-03-29,customer_07,customer_07@xyz.com,9945519187,sku_10,territory_01,salesperson_01,464
2018-03-29,customer_13,customer_13@xyz.com,9813408165,sku_03,territory_05,salesperson_05,410
2018-03-30,customer_13,customer_13@xyz.com,9813408165,sku_17,territory_05,salesperson_05,478
2018-03-30,customer_11,customer_11@xyz.com,9120138209,sku_10,territory_02,salesperson_02,479
2018-03-31,customer_14,customer_14@xyz.com,9653837293,sku_03,territory_02,salesperson_02,596
2018-03-31,customer_04,customer_04@xyz.com,9367845312,sku_04,territory_01,salesperson_01,516
2018-03-31,customer_15,customer_15@xyz.com,9592555263,sku_04,territory_01,salesperson_01,569
2018-03-31,customer_14,customer_14@xyz.com,9653837293,sku_02,territory_02,salesperson_02,589
2018-04-02,customer_09,customer_09@xyz.com,9297274110,sku_23,territory_04,salesperson_04,80
2018-04-02,customer_02,customer_02@xyz.com,9262490696,sku_17,territory_02,salesperson_02,90
2018-04-02,customer_02,customer_02@xyz.com,9262490696,sku_15,territory_02,salesperson_02,81
2018-04-04,customer_02,customer_02@xyz.com,9262490696,sku_16,territory_02,salesperson_02,78
2018-04-04,customer_12,customer_12@xyz.com,9004497775,sku_12,territory_05,salesperson_05,102
2018-04-04,customer_11,customer_11@xyz.com,9120138209,sku_19,territory_02,salesperson_02,100
2018-04-05,customer_12,customer_12@xyz.com,9004497775,sku_05,territory_05,salesperson_05,101
2018-04-06,customer_15,customer_15@xyz.com,9592555263,sku_04,territory_01,salesperson_01,53
2018-04-06,customer_04,customer_04@xyz.com,9367845312,sku_18,territory_01,salesperson_01,90
2018-04-08,customer_03,customer_03@xyz.com,9622928160,sku_03,territory_01,salesperson_01,202
2018-04-08,customer_05,customer_05@xyz.com,9793954050,sku_12,territory_03,salesperson_03,176
2018-04-08,customer_01,customer_01@xyz.com,9043931318,sku_03,territory_03,salesperson_03,126
2018-04-09,customer_04,customer_04@xyz.com,9367845312,sku_25,territory_01,salesperson_01,92
2018-04-10,customer_08,customer_08@xyz.com,9702439628,sku_24,territory_05,salesperson_05,172
2018-04-10,customer_06,customer_06@xyz.com,9562174179,sku_18,territory_01,salesperson_01,148
2018-04-11,customer_12,customer_12@xyz.com,9004497775,sku_14,territory_05,salesperson_05,132
2018-04-11,customer_04,customer_04@xyz.com,9367845312,sku_16,territory_01,salesperson_01,160
2018-04-13,customer_10,customer_10@xyz.com,9943301838,sku_25,territory_01,salesperson_01,152
2018-04-13,customer_05,customer_05@xyz.com,9793954050,sku_12,territory_03,salesperson_03,162
2018-04-14,customer_03,customer_03@xyz.com,9622928160,sku_01,territory_01,salesperson_01,225
2018-04-15,customer_06,customer_06@xyz.com,9562174179,sku_05,territory_01,salesperson_01,226
2018-04-15,customer_13,customer_13@xyz.com,9813408165,sku_14,territory_05,salesperson_05,339
2018-04-15,customer_11,customer_11@xyz.com,9120138209,sku_02,territory_02,salesperson_02,237
2018-04-15,customer_15,customer_15@xyz.com,9592555263,sku_25,territory_01,salesperson_01,300
2018-04-15,customer_14,customer_14@xyz.com,9653837293,sku_15,territory_02,salesperson_02,383
2018-04-16,customer_01,customer_01@xyz.com,9043931318,sku_15,territory_03,salesperson_03,208
2018-04-16,customer_02,customer_02@xyz.com,9262490696,sku_22,territory_02,salesperson_02,396
2018-04-18,customer_09,customer_09@xyz.com,9297274110,sku_09,territory_04,salesperson_04,223
2018-04-19,customer_03,customer_03@xyz.com,9622928160,sku_19,territory_01,salesperson_01,257
2018-04-19,customer_04,customer_04@xyz.com,9367845312,sku_13,territory_01,salesperson_01,295
2018-04-21,customer_05,customer_05@xyz.com,9793954050,sku_25,territory_03,salesperson_03,313
2018-04-21,customer_10,customer_10@xyz.com,9943301838,sku_03,territory_01,salesperson_01,215
2018-04-22,customer_13,customer_13@xyz.com,9813408165,sku_23,territory_05,salesperson_05,215
2018-04-23,customer_05,customer_05@xyz.com,9793954050,sku_03,territory_03,salesperson_03,420
2018-04-24,customer_14,customer_14@xyz.com,9653837293,sku_01,territory_02,salesperson_02,536
2018-04-24,customer_15,customer_15@xyz.com,9592555263,sku_01,territory_01,salesperson_01,535
2018-04-25,customer_10,customer_10@xyz.com,9943301838,sku_17,territory_01,salesperson_01,524
2018-04-25,customer_14,customer_14@xyz.com,9653837293,sku_06,territory_02,salesperson_02,457
2018-04-25,customer_06,customer_06@xyz.com,9562174179,sku_10,territory_01,salesperson_01,562
2018-04-27,customer_01,customer_01@xyz.com,9043931318,sku_18,territory_03,salesperson_03,573
2018-04-27,customer_01,customer_01@xyz.com,9043931318,sku_08,territory_03,salesperson_03,479
2018-04-28,customer_09,customer_09@xyz.com,9297274110,sku_16,territory_04,salesperson_04,536
2018-04-30,customer_11,customer_11@xyz.com,9120138209,sku_24,territory_02,salesperson_02,458
2018-05-01,customer_09,customer_09@xyz.com,9297274110,sku_23,territory_04,salesperson_04,95
2018-05-01,customer_15,customer_15@xyz.com,9592555263,sku_08,territory_01,salesperson_01,83
2018-05-02,customer_06,customer_06@xyz.com,9562174179,sku_17,territory_01,salesperson_01,109
2018-05-03,customer_02,customer_02@xyz.com,9262490696,sku_08,territory_02,salesperson_02,80
2018-05-04,customer_09,customer_09@xyz.com,9297274110,sku_03,territory_04,salesperson_04,71
2018-05-05,customer_10,customer_10@xyz.com,9943301838,sku_05,territory_01,salesperson_01,78
2018-05-05,customer_14,customer_14@xyz.com,9653837293,sku_24,territory_02,salesperson_02,59
2018-05-05,customer_04,customer_04@xyz.com,9367845312,sku_04,territory_01,salesperson_01,82
2018-05-06,customer_13,customer_13@xyz.com,9813408165,sku_14,territory_05,salesperson_05,71
2018-05-08,customer_09,customer_09@xyz.com,9297274110,sku_10,territory_04,salesperson_04,125
2018-05-08,customer_13,customer_13@xyz.com,9813408165,sku_02,territory_05,salesperson_05,141
2018-05-09,customer_14,customer_14@xyz.com,9653837293,sku_16,territory_02,salesperson_02,193
2018-05-10,customer_02,customer_02@xyz.com,9262490696,sku_08,territory_02,salesperson_02,135
2018-05-10,customer_10,customer_10@xyz.com,9943301838,sku_24,territory_01,salesperson_01,183
2018-05-10,customer_13,customer_13@xyz.com,9813408165,sku_11,territory_05,salesperson_05,171
2018-05-12,customer_14,customer_14@xyz.com,9653837293,sku_12,territory_02,salesperson_02,132
2018-05-13,customer_06,customer_06@xyz.com,9562174179,sku_16,territory_01,salesperson_01,147
2018-05-13,customer_05,customer_05@xyz.com,9793954050,sku_15,territory_03,salesperson_03,107
2018-05-13,customer_08,customer_08@xyz.com,9702439628,sku_18,territory_05,salesperson_05,190
2018-05-15,customer_07,customer_07@xyz.com,9945519187,sku_07,territory_01,salesperson_01,139
2018-05-15,customer_07,customer_07@xyz.com,9945519187,sku_10,territory_01,salesperson_01,117
2018-05-16,customer_10,customer_10@xyz.com,9943301838,sku_17,territory_01,salesperson_01,221
2018-05-16,customer_01,customer_01@xyz.com,9043931318,sku_21,territory_03,salesperson_03,192
2018-05-17,customer_11,customer_11@xyz.com,9120138209,sku_23,territory_02,salesperson_02,299
2018-05-18,customer_01,customer_01@xyz.com,9043931318,sku_17,territory_03,salesperson_03,317
2018-05-18,customer_10,customer_10@xyz.com,9943301838,sku_24,territory_01,salesperson_01,298
2018-05-19,customer_12,customer_12@xyz.com,9004497775,sku_25,territory_05,salesperson_05,213
2018-05-19,customer_03,customer_03@xyz.com,9622928160,sku_13,territory_01,salesperson_01,314
2018-05-21,customer_07,customer_07@xyz.com,9945519187,sku_06,territory_01,salesperson_01,301
2018-05-21,customer_05,customer_05@xyz.com,9793954050,sku_21,territory_03,salesperson_03,269
2018-05-21,customer_04,customer_04@xyz.com,9367845312,sku_16,territory_01,salesperson_01,276
2018-05-23,customer_10,customer_10@xyz.com,9943301838,sku_07,territory_01,salesperson_01,248
2018-05-23,customer_13,customer_13@xyz.com,9813408165,sku_24,territory_05,salesperson_05,349
2018-05-23,customer_14,customer_14@xyz.com,9653837293,sku_02,territory_02,salesperson_02,270
2018-05-25,customer_01,customer_01@xyz.com,9043931318,sku_24,territory_03,salesperson_03,431
2018-05-25,customer_10,customer_10@xyz.com,9943301838,sku_08,territory_01,salesperson_01,423
2018-05-26,customer_06,customer_06@xyz.com,9562174179,sku_06,territory_01,salesperson_01,470
2018-05-28,customer_01,customer_01@xyz.com,9043931318,sku_12,territory_03,salesperson_03,424
2018-05-30,customer_08,customer_08@xyz.com,9702439628,sku_20,territory_05,salesperson_05,436
2018-05-30,customer_15,customer_15@xyz.com,9592555263,sku_10,territory_01,salesperson_01,496
2018-06-01,customer_04,customer_04@xyz.com,9367845312,sku_22,territory_01,salesperson_01,89
2018-06-02,customer_13,customer_13@xyz.com,9813408165,sku_18,territory_05,salesperson_05,110
2018-06-02,customer_07,customer_07@xyz.com,9945519187,sku_02,territory_01,salesperson_01,59
2018-06-02,customer_06,customer_06@xyz.com,9562174179,sku_06,territory_01,salesperson_01,50
2018-06-03,customer_09,customer_09@xyz.com,9297274110,sku_17,territory_04,salesperson_04,74
2018-06-03,customer_10,customer_10@xyz.com,9943301838,sku_02,territory_01,salesperson_01,88
2018-06-04,customer_09,customer_09@xyz.com,9297274110,sku_17,territory_04,salesperson_04,61
2018-06-05,customer_04,customer_04@xyz.com,9367845312,sku_13,territory_01,salesperson_01,80
2018-06-06,customer_09,customer_09@xyz.com,9297274110,sku_10,territory_04,salesperson_04,73
2018-06-06,customer_12,customer_12@xyz.com,9004497775,sku_11,territory_05,salesperson_05,80
2018-06-06,customer_03,customer_03@xyz.com,9622928160,sku_15,territory_01,salesperson_01,88
2018-06-07,customer_07,customer_07@xyz.com,9945519187,sku_13,territory_01,salesperson_01,103
2018-06-08,customer_07,customer_07@xyz.com,9945519187,sku_24,territory_01,salesperson_01,214
2018-06-08,customer_11,customer_11@xyz.com,9120138209,sku_20,territory_02,salesperson_02,155
2018-06-09,customer_11,customer_11@xyz.com,9120138209,sku_15,territory_02,salesperson_02,168
2018-06-12,customer_03,customer_03@xyz.com,9622928160,sku_05,territory_01,salesperson_01,103
2018-06-12,customer_01,customer_01@xyz.com,9043931318,sku_19,territory_03,salesperson_03,176
2018-06-12,customer_15,customer_15@xyz.com,9592555263,sku_01,territory_01,salesperson_01,179
2018-06-12,customer_11,customer_11@xyz.com,9120138209,sku_24,territory_02,salesperson_02,151
2018-06-13,customer_10,customer_10@xyz.com,9943301838,sku_01,territory_01,salesperson_01,133
2018-06-13,customer_15,customer_15@xyz.com,9592555263,sku_17,territory_01,salesperson_01,177
2018-06-14,customer_11,customer_11@xyz.com,9120138209,sku_19,territory_02,salesperson_02,96
2018-06-15,customer_05,customer_05@xyz.com,9793954050,sku_17,territory_03,salesperson_03,352
2018-06-15,customer_05,customer_05@xyz.com,9793954050,sku_13,territory_03,salesperson_03,300
2018-06-16,customer_11,customer_11@xyz.com,9120138209,sku_12,territory_02,salesperson_02,266
2018-06-18,customer_01,customer_01@xyz.com,9043931318,sku_03,territory_03,salesperson_03,367
2018-06-18,customer_04,customer_04@xyz.com,9367845312,sku_11,territory_01,salesperson_01,317
2018-06-19,customer_12,customer_12@xyz.com,9004497775,sku_14,territory_05,salesperson_05,229
2018-06-20,customer_15,customer_15@xyz.com,9592555263,sku_04,territory_01,salesperson_01,298
2018-06-21,customer_14,customer_14@xyz.com,9653837293,sku_05,territory_02,salesperson_02,212
2018-06-21,customer_08,customer_08@xyz.com,9702439628,sku_24,territory_05,salesperson_05,210
2018-06-22,customer_12,customer_12@xyz.com,9004497775,sku_10,territory_05,salesperson_05,358
2018-06-22,customer_12,customer_12@xyz.com,9004497775,sku_25,territory_05,salesperson_05,199
2018-06-23,customer_09,customer_09@xyz.com,9297274110,sku_05,territory_04,salesperson_04,586
2018-06-24,customer_03,customer_03@xyz.com,9622928160,sku_25,territory_01,salesperson_01,481
2018-06-24,customer_08,customer_08@xyz.com,9702439628,sku_20,territory_05,salesperson_05,421
2018-06-25,customer_15,customer_15@xyz.com,9592555263,sku_21,territory_01,salesperson_01,484
2018-06-26,customer_08,customer_08@xyz.com,9702439628,sku_05,territory_05,salesperson_05,473
2018-06-26,customer_08,customer_08@xyz.com,9702439628,sku_14,territory_05,salesperson_05,530
2018-06-26,customer_09,customer_09@xyz.com,9297274110,sku_02,territory_04,salesperson_04,486
2018-06-28,customer_01,customer_01@xyz.com,9043931318,sku_07,territory_03,salesperson_03,570
2018-06-28,customer_13,customer_13@xyz.com,9813408165,sku_17,territory_05,salesperson_05,490
2018-06-28,customer_05,customer_05@xyz.com,9793954050,sku_02,territory_03,salesperson_03,579
2018-06-29,customer_08,customer_08@xyz.com,9702439628,sku_03,territory_05,salesperson_05,593
2018-06-30,customer_10,customer_10@xyz.com,9943301838,sku_18,territory_01,salesperson_01,440
2018-06-30,customer_06,customer_06@xyz.com,9562174179,sku_06,territory_01,salesperson_01,471
2018-07-01,customer_15,customer_15@xyz.com,9592555263,sku_04,territory_01,salesperson_01,34
2018-07-01,customer_15,customer_15@xyz.com,9592555263,sku_22,territory_01,salesperson_01,75
2018-07-01,customer_02,customer_02@xyz.com,9262490696,sku_11,territory_02,salesperson_02,72
2018-07-02,customer_13,customer_13@xyz.com,9813408165,sku_20,territory_05,salesperson_05,80
2018-07-02,customer_04,customer_04@xyz.com,9367845312,sku_17,territory_01,salesperson_01,72
2018-07-03,customer_03,customer_03@xyz.com,9622928160,sku_18,territory_01,salesperson_01,52
2018-07-06,customer_07,customer_07@xyz.com,9945519187,sku_07,territory_01,salesperson_01,55
2018-07-07,customer_12,customer_12@xyz.com,9004497775,sku_11,territory_05,salesperson_05,84
2018-07-08,customer_09,customer_09@xyz.com,9297274110,sku_02,territory_04,salesperson_04,95
2018-07-08,customer_11,customer_11@xyz.com,9120138209,sku_21,territory_02,salesperson_02,192
2018-07-09,customer_07,customer_07@xyz.com,9945519187,sku_25,territory_01,salesperson_01,106
2018-07-09,customer_14,customer_14@xyz.com,9653837293,sku_21,territory_02,salesperson_02,174
2018-07-10,customer_04,customer_04@xyz.com,9367845312,sku_25,territory_01,salesperson_01,82
2018-07-10,customer_13,customer_13@xyz.com,9813408165,sku_23,territory_05,salesperson_05,152
2018-07-10,customer_02,customer_02@xyz.com,9262490696,sku_05,territory_02,salesperson_02,150
2018-07-11,customer_01,customer_01@xyz.com,9043931318,sku_18,territory_03,salesperson_03,148
2018-07-14,customer_11,customer_11@xyz.com,9120138209,sku_19,territory_02,salesperson_02,85
2018-07-14,customer_11,customer_11@xyz.com,9120138209,sku_03,territory_02,salesperson_02,125
2018-07-15,customer_13,customer_13@xyz.com,9813408165,sku_03,territory_05,salesperson_05,156
2018-07-15,customer_15,customer_15@xyz.com,9592555263,sku_21,territory_01,salesperson_01,166
2018-07-17,customer_06,customer_06@xyz.com,9562174179,sku_23,territory_01,salesperson_01,220
2018-07-17,customer_15,customer_15@xyz.com,9592555263,sku_15,territory_01,salesperson_01,322
2018-07-18,customer_12,customer_12@xyz.com,9004497775,sku_20,territory_05,salesperson_05,283
2018-07-19,customer_15,customer_15@xyz.com,9592555263,sku_22,territory_01,salesperson_01,356
2018-07-19,customer_11,customer_11@xyz.com,9120138209,sku_09,territory_02,salesperson_02,370
2018-07-19,customer_11,customer_11@xyz.com,9120138209,sku_20,territory_02,salesperson_02,260
2018-07-19,customer_08,customer_08@xyz.com,9702439628,sku_09,territory_05,salesperson_05,311
2018-07-19,customer_01,customer_01@xyz.com,9043931318,sku_14,territory_03,salesperson_03,289
2018-07-20,customer_08,customer_08@xyz.com,9702439628,sku_21,territory_05,salesperson_05,210
2018-07-20,customer_09,customer_09@xyz.com,9297274110,sku_04,territory_04,salesperson_04,246
2018-07-20,customer_05,customer_05@xyz.com,9793954050,sku_06,territory_03,salesperson_03,368
2018-07-20,customer_04,customer_04@xyz.com,9367845312,sku_15,territory_01,salesperson_01,392
2018-07-21,customer_15,customer_15@xyz.com,9592555263,sku_11,territory_01,salesperson_01,306
2018-07-21,customer_13,customer_13@xyz.com,9813408165,sku_09,territory_05,salesperson_05,237
2018-07-22,customer_03,customer_03@xyz.com,9622928160,sku_22,territory_01,salesperson_01,267
2018-07-22,customer_08,customer_08@xyz.com,9702439628,sku_22,territory_05,salesperson_05,333
2018-07-23,customer_12,customer_12@xyz.com,9004497775,sku_18,territory_05,salesperson_05,277
2018-07-23,customer_09,customer_09@xyz.com,9297274110,sku_19,territory_04,salesperson_04,313
2018-07-25,customer_02,customer_02@xyz.com,9262490696,sku_11,territory_02,salesperson_02,498
2018-07-25,customer_04,customer_04@xyz.com,9367845312,sku_25,territory_01,salesperson_01,574
2018-07-26,customer_11,customer_11@xyz.com,9120138209,sku_13,territory_02,salesperson_02,477
2018-07-26,customer_14,customer_14@xyz.com,9653837293,sku_10,territory_02,salesperson_02,502
2018-07-28,customer_09,customer_09@xyz.com,9297274110,sku_12,territory_04,salesperson_04,532
2018-07-29,customer_01,customer_01@xyz.com,9043931318,sku_22,territory_03,salesperson_03,496
2018-07-31,customer_15,customer_15@xyz.com,9592555263,sku_09,territory_01,salesperson_01,536
2018-07-31,customer_10,customer_10@xyz.com,9943301838,sku_11,territory_01,salesperson_01,519
2018-08-01,customer_14,customer_14@xyz.com,9653837293,sku_21,territory_02,salesperson_02,60
2018-08-01,customer_06,customer_06@xyz.com,9562174179,sku_24,territory_01,salesperson_01,61
2018-08-01,customer_12,customer_12@xyz.com,9004497775,sku_20,territory_05,salesperson_05,81
2018-08-02,customer_09,customer_09@xyz.com,9297274110,sku_04,territory_04,salesperson_04,58
2018-08-02,customer_07,customer_07@xyz.com,9945519187,sku_23,territory_01,salesperson_01,99
2018-08-02,customer_05,customer_05@xyz.com,9793954050,sku_16,territory_03,salesperson_03,85
2018-08-03,customer_02,customer_02@xyz.com,9262490696,sku_02,territory_02,salesperson_02,65
2018-08-03,customer_12,customer_12@xyz.com,9004497775,sku_17,territory_05,salesperson_05,81
2018-08-03,customer_09,customer_09@xyz.com,9297274110,sku_12,territory_04,salesperson_04,49
2018-08-05,customer_06,customer_06@xyz.com,9562174179,sku_20,territory_01,salesperson_01,125
2018-08-06,customer_01,customer_01@xyz.com,9043931318,sku_09,territory_03,salesperson_03,81
2018-08-07,customer_14,customer_14@xyz.com,9653837293,sku_18,territory_02,salesperson_02,64
2018-08-07,customer_02,customer_02@xyz.com,9262490696,sku_03,territory_02,salesperson_02,72
2018-08-07,customer_06,customer_06@xyz.com,9562174179,sku_24,territory_01,salesperson_01,43
2018-08-07,customer_11,customer_11@xyz.com,9120138209,sku_05,territory_02,salesperson_02,94
2018-08-08,customer_15,customer_15@xyz.com,9592555263,sku_04,territory_01,salesperson_01,181
2018-08-08,customer_07,customer_07@xyz.com,9945519187,sku_09,territory_01,salesperson_01,186
2018-08-10,customer_09,customer_09@xyz.com,9297274110,sku_07,territory_04,salesperson_04,139
2018-08-11,customer_10,customer_10@xyz.com,9943301838,sku_18,territory_01,salesperson_01,109
2018-08-11,customer_12,customer_12@xyz.com,9004497775,sku_23,territory_05,salesperson_05,152
2018-08-11,customer_12,customer_12@xyz.com,9004497775,sku_16,territory_05,salesperson_05,144
2018-08-12,customer_11,customer_11@xyz.com,9120138209,sku_21,territory_02,salesperson_02,190
2018-08-13,customer_06,customer_06@xyz.com,9562174179,sku_01,territory_01,salesperson_01,170
2018-08-15,customer_13,customer_13@xyz.com,9813408165,sku_01,territory_05,salesperson_05,199
2018-08-15,customer_13,customer_13@xyz.com,9813408165,sku_01,territory_05,salesperson_05,201
2018-08-18,customer_14,customer_14@xyz.com,9653837293,sku_11,territory_02,salesperson_02,297
2018-08-22,customer_14,customer_14@xyz.com,9653837293,sku_04,territory_02,salesperson_02,344
2018-08-22,customer_07,customer_07@xyz.com,9945519187,sku_18,territory_01,salesperson_01,305
2018-08-23,customer_13,customer_13@xyz.com,9813408165,sku_09,territory_05,salesperson_05,245
2018-08-24,customer_15,customer_15@xyz.com,9592555263,sku_14,territory_01,salesperson_01,524
2018-08-25,customer_14,customer_14@xyz.com,9653837293,sku_22,territory_02,salesperson_02,443
2018-08-26,customer_03,customer_03@xyz.com,9622928160,sku_01,territory_01,salesperson_01,557
2018-08-27,customer_07,customer_07@xyz.com,9945519187,sku_11,territory_01,salesperson_01,536
2018-08-28,customer_14,customer_14@xyz.com,9653837293,sku_12,territory_02,salesperson_02,438
2018-08-28,customer_01,customer_01@xyz.com,9043931318,sku_08,territory_03,salesperson_03,475
2018-08-28,customer_11,customer_11@xyz.com,9120138209,sku_06,territory_02,salesperson_02,507
2018-08-28,customer_14,customer_14@xyz.com,9653837293,sku_12,territory_02,salesperson_02,442
2018-08-28,customer_09,customer_09@xyz.com,9297274110,sku_18,territory_04,salesperson_04,401
2018-08-28,customer_07,customer_07@xyz.com,9945519187,sku_11,territory_01,salesperson_01,526
2018-08-30,customer_12,customer_12@xyz.com,9004497775,sku_03,territory_05,salesperson_05,434
2018-08-30,customer_04,customer_04@xyz.com,9367845312,sku_13,territory_01,salesperson_01,528
2018-08-30,customer_05,customer_05@xyz.com,9793954050,sku_02,territory_03,salesperson_03,564
2018-08-30,customer_08,customer_08@xyz.com,9702439628,sku_12,territory_05,salesperson_05,570
2018-08-30,customer_06,customer_06@xyz.com,9562174179,sku_10,territory_01,salesperson_01,565
2018-08-30,customer_08,customer_08@xyz.com,9702439628,sku_13,territory_05,salesperson_05,485
2018-08-31,customer_12,customer_12@xyz.com,9004497775,sku_02,territory_05,salesperson_05,532
2018-09-02,customer_10,customer_10@xyz.com,9943301838,sku_23,territory_01,salesperson_01,41
2018-09-02,customer_08,customer_08@xyz.com,9702439628,sku_17,territory_05,salesperson_05,42
2018-09-04,customer_10,customer_10@xyz.com,9943301838,sku_08,territory_01,salesperson_01,37
2018-09-04,customer_14,customer_14@xyz.com,9653837293,sku_13,territory_02,salesperson_02,90
2018-09-05,customer_06,customer_06@xyz.com,9562174179,sku_17,territory_01,salesperson_01,85
2018-09-07,customer_10,customer_10@xyz.com,9943301838,sku_17,territory_01,salesperson_01,80
2018-09-07,customer_13,customer_13@xyz.com,9813408165,sku_19,territory_05,salesperson_05,69
2018-09-07,customer_14,customer_14@xyz.com,9653837293,sku_19,territory_02,salesperson_02,91
2018-09-08,customer_11,customer_11@xyz.com,9120138209,sku_13,territory_02,salesperson_02,135
2018-09-09,customer_11,customer_11@xyz.com,9120138209,sku_20,territory_02,salesperson_02,160
2018-09-10,customer_10,customer_10@xyz.com,9943301838,sku_15,territory_01,salesperson_01,127
2018-09-10,customer_05,customer_05@xyz.com,9793954050,sku_03,territory_03,salesperson_03,170
2018-09-11,customer_01,customer_01@xyz.com,9043931318,sku_19,territory_03,salesperson_03,188
2018-09-13,customer_10,customer_10@xyz.com,9943301838,sku_13,territory_01,salesperson_01,174
2018-09-13,customer_13,customer_13@xyz.com,9813408165,sku_08,territory_05,salesperson_05,140
2018-09-13,customer_05,customer_05@xyz.com,9793954050,sku_06,territory_03,salesperson_03,131
2018-09-13,customer_03,customer_03@xyz.com,9622928160,sku_11,territory_01,salesperson_01,154
2018-09-15,customer_12,customer_12@xyz.com,9004497775,sku_12,territory_05,salesperson_05,233
2018-09-15,customer_13,customer_13@xyz.com,9813408165,sku_12,territory_05,salesperson_05,393
2018-09-17,customer_09,customer_09@xyz.com,9297274110,sku_07,territory_04,salesperson_04,313
2018-09-20,customer_07,customer_07@xyz.com,9945519187,sku_14,territory_01,salesperson_01,253
2018-09-20,customer_11,customer_11@xyz.com,9120138209,sku_09,territory_02,salesperson_02,374
2018-09-20,customer_09,customer_09@xyz.com,9297274110,sku_18,territory_04,salesperson_04,218
2018-09-21,customer_03,customer_03@xyz.com,9622928160,sku_12,territory_01,salesperson_01,345
2018-09-22,customer_04,customer_04@xyz.com,9367845312,sku_09,territory_01,salesperson_01,237
2018-09-25,customer_14,customer_14@xyz.com,9653837293,sku_16,territory_02,salesperson_02,496
2018-09-26,customer_06,customer_06@xyz.com,9562174179,sku_23,territory_01,salesperson_01,531
2018-09-26,customer_15,customer_15@xyz.com,9592555263,sku_16,territory_01,salesperson_01,412
2018-09-26,customer_11,customer_11@xyz.com,9120138209,sku_07,territory_02,salesperson_02,539
2018-09-26,customer_06,customer_06@xyz.com,9562174179,sku_13,territory_01,salesperson_01,413
2018-09-28,customer_10,customer_10@xyz.com,9943301838,sku_03,territory_01,salesperson_01,441
2018-09-28,customer_15,customer_15@xyz.com,9592555263,sku_14,territory_01,salesperson_01,509
2018-09-28,customer_05,customer_05@xyz.com,9793954050,sku_05,territory_03,salesperson_03,492
2018-09-29,customer_06,customer_06@xyz.com,9562174179,sku_10,territory_01,salesperson_01,565
2018-10-01,customer_09,customer_09@xyz.com,9297274110,sku_15,territory_04,salesperson_04,98
2018-10-01,customer_13,customer_13@xyz.com,9813408165,sku_22,territory_05,salesperson_05,103
2018-10-02,customer_02,customer_02@xyz.com,9262490696,sku_02,territory_02,salesperson_02,68
2018-10-02,customer_04,customer_04@xyz.com,9367845312,sku_23,territory_01,salesperson_01,71
2018-10-03,customer_12,customer_12@xyz.com,9004497775,sku_01,territory_05,salesperson_05,78
2018-10-03,customer_09,customer_09@xyz.com,9297274110,sku_10,territory_04,salesperson_04,70
2018-10-04,customer_11,customer_11@xyz.com,9120138209,sku_08,territory_02,salesperson_02,65
2018-10-05,customer_06,customer_06@xyz.com,9562174179,sku_06,territory_01,salesperson_01,48
2018-10-06,customer_02,customer_02@xyz.com,9262490696,sku_15,territory_02,salesperson_02,74
2018-10-07,customer_07,customer_07@xyz.com,9945519187,sku_21,territory_01,salesperson_01,98
2018-10-07,customer_07,customer_07@xyz.com,9945519187,sku_10,territory_01,salesperson_01,75
2018-10-08,customer_03,customer_03@xyz.com,9622928160,sku_09,territory_01,salesperson_01,163
2018-10-09,customer_12,customer_12@xyz.com,9004497775,sku_10,territory_05,salesperson_05,194
2018-10-09,customer_14,customer_14@xyz.com,9653837293,sku_07,territory_02,salesperson_02,134
2018-10-09,customer_08,customer_08@xyz.com,9702439628,sku_15,territory_05,salesperson_05,160
2018-10-09,customer_09,customer_09@xyz.com,9297274110,sku_04,territory_04,salesperson_04,199
2018-10-10,customer_03,customer_03@xyz.com,9622928160,sku_13,territory_01,salesperson_01,163
2018-10-10,customer_06,customer_06@xyz.com,9562174179,sku_19,territory_01,salesperson_01,96
2018-10-11,customer_06,customer_06@xyz.com,9562174179,sku_23,territory_01,salesperson_01,91
2018-10-14,customer_10,customer_10@xyz.com,9943301838,sku_25,territory_01,salesperson_01,150
2018-10-14,customer_14,customer_14@xyz.com,9653837293,sku_20,territory_02,salesperson_02,187
2018-10-14,customer_05,customer_05@xyz.com,9793954050,sku_02,territory_03,salesperson_03,171
2018-10-14,customer_10,customer_10@xyz.com,9943301838,sku_02,territory_01,salesperson_01,184
2018-10-15,customer_06,customer_06@xyz.com,9562174179,sku_08,territory_01,salesperson_01,137
2018-10-16,customer_04,customer_04@xyz.com,9367845312,sku_22,territory_01,salesperson_01,253
2018-10-16,customer_09,customer_09@xyz.com,9297274110,sku_19,territory_04,salesperson_04,304
2018-10-16,customer_02,customer_02@xyz.com,9262490696,sku_21,territory_02,salesperson_02,351
2018-10-17,customer_15,customer_15@xyz.com,9592555263,sku_04,territory_01,salesperson_01,302
2018-10-17,customer_13,customer_13@xyz.com,9813408165,sku_05,territory_05,salesperson_05,270
2018-10-18,customer_14,customer_14@xyz.com,9653837293,sku_16,territory_02,salesperson_02,262
2018-10-18,customer_09,customer_09@xyz.com,9297274110,sku_07,territory_04,salesperson_04,311
2018-10-20,customer_02,customer_02@xyz.com,9262490696,sku_22,territory_02,salesperson_02,384
2018-10-21,customer_10,customer_10@xyz.com,9943301838,sku_10,territory_01,salesperson_01,261
2018-10-22,customer_05,customer_05@xyz.com,9793954050,sku_14,territory_03,salesperson_03,333
2018-10-22,customer_09,customer_09@xyz.com,9297274110,sku_10,territory_04,salesperson_04,345
2018-10-23,customer_04,customer_04@xyz.com,9367845312,sku_13,territory_01,salesperson_01,290
2018-10-23,customer_14,customer_14@xyz.com,9653837293,sku_01,territory_02,salesperson_02,377
2018-10-23,customer_11,customer_11@xyz.com,9120138209,sku_21,territory_02,salesperson_02,245
2018-10-24,customer_12,customer_12@xyz.com,9004497775,sku_17,territory_05,salesperson_05,463
2018-10-24,customer_03,customer_03@xyz.com,9622928160,sku_21,territory_01,salesperson_01,438
2018-10-25,customer_03,customer_03@xyz.com,9622928160,sku_04,territory_01,salesperson_01,547
2018-10-25,customer_07,customer_07@xyz.com,9945519187,sku_07,territory_01,salesperson_01,427
2018-10-26,customer_11,customer_11@xyz.com,9120138209,sku_08,territory_02,salesperson_02,503
2018-10-26,customer_14,customer_14@xyz.com,9653837293,sku_17,territory_02,salesperson_02,492
2018-10-27,customer_03,customer_03@xyz.com,9622928160,sku_14,territory_01,salesperson_01,552
2018-10-27,customer_07,customer_07@xyz.com,9945519187,sku_11,territory_01,salesperson_01,516
2018-10-27,customer_13,customer_13@xyz.com,9813408165,sku_11,territory_05,salesperson_05,415
2018-10-27,customer_03,customer_03@xyz.com,9622928160,sku_05,territory_01,salesperson_01,490
2018-10-27,customer_13,customer_13@xyz.com,9813408165,sku_21,territory_05,salesperson_05,593
2018-10-30,customer_04,customer_04@xyz.com,9367845312,sku_17,territory_01,salesperson_01,457
2018-10-31,customer_07,customer_07@xyz.com,9945519187,sku_16,territory_01,salesperson_01,571
2018-10-31,customer_15,customer_15@xyz.com,9592555263,sku_04,territory_01,salesperson_01,577
2018-10-31,customer_08,customer_08@xyz.com,9702439628,sku_09,territory_05,salesperson_05,476
2018-11-01,customer_14,customer_14@xyz.com,9653837293,sku_03,territory_02,salesperson_02,85
2018-11-02,customer_05,customer_05@xyz.com,9793954050,sku_23,territory_03,salesperson_03,93
2018-11-03,customer_09,customer_09@xyz.com,9297274110,sku_08,territory_04,salesperson_04,78
2018-11-03,customer_08,customer_08@xyz.com,9702439628,sku_03,territory_05,salesperson_05,47
2018-11-05,customer_05,customer_05@xyz.com,9793954050,sku_03,territory_03,salesperson_03,68
2018-11-05,customer_09,customer_09@xyz.com,9297274110,sku_21,territory_04,salesperson_04,71
2018-11-06,customer_09,customer_09@xyz.com,9297274110,sku_22,territory_04,salesperson_04,110
2018-11-07,customer_09,customer_09@xyz.com,9297274110,sku_19,territory_04,salesperson_04,67
2018-11-07,customer_10,customer_10@xyz.com,9943301838,sku_15,territory_01,salesperson_01,96
2018-11-07,customer_13,customer_13@xyz.com,9813408165,sku_18,territory_05,salesperson_05,107
2018-11-07,customer_10,customer_10@xyz.com,9943301838,sku_02,territory_01,salesperson_01,81
2018-11-07,customer_04,customer_04@xyz.com,9367845312,sku_11,territory_01,salesperson_01,92
2018-11-07,customer_13,customer_13@xyz.com,9813408165,sku_16,territory_05,salesperson_05,60
2018-11-10,customer_10,customer_10@xyz.com,9943301838,sku_20,territory_01,salesperson_01,181
2018-11-11,customer_15,customer_15@xyz.com,9592555263,sku_12,territory_01,salesperson_01,153
2018-11-11,customer_10,customer_10@xyz.com,9943301838,sku_20,territory_01,salesperson_01,154
2018-11-11,customer_08,customer_08@xyz.com,9702439628,sku_22,territory_05,salesperson_05,99
2018-11-11,customer_11,customer_11@xyz.com,9120138209,sku_12,territory_02,salesperson_02,91
2018-11-12,customer_08,customer_08@xyz.com,9702439628,sku_22,territory_05,salesperson_05,117
2018-11-12,customer_07,customer_07@xyz.com,9945519187,sku_02,territory_01,salesperson_01,125
2018-11-12,customer_15,customer_15@xyz.com,9592555263,sku_08,territory_01,salesperson_01,187
2018-11-13,customer_04,customer_04@xyz.com,9367845312,sku_04,territory_01,salesperson_01,136
2018-11-13,customer_09,customer_09@xyz.com,9297274110,sku_15,territory_04,salesperson_04,108
2018-11-13,customer_11,customer_11@xyz.com,9120138209,sku_08,territory_02,salesperson_02,145
2018-11-13,customer_13,customer_13@xyz.com,9813408165,sku_20,territory_05,salesperson_05,147
2018-11-14,customer_08,customer_08@xyz.com,9702439628,sku_04,territory_05,salesperson_05,165
2018-11-14,customer_01,customer_01@xyz.com,9043931318,sku_24,territory_03,salesperson_03,196
2018-11-14,customer_09,customer_09@xyz.com,9297274110,sku_11,territory_04,salesperson_04,127
2018-11-16,customer_15,customer_15@xyz.com,9592555263,sku_14,territory_01,salesperson_01,200
2018-11-16,customer_15,customer_15@xyz.com,9592555263,sku_13,territory_01,salesperson_01,401
2018-11-17,customer_03,customer_03@xyz.com,9622928160,sku_10,territory_01,salesperson_01,347
2018-11-17,customer_04,customer_04@xyz.com,9367845312,sku_23,territory_01,salesperson_01,368
2018-11-17,customer_04,customer_04@xyz.com,9367845312,sku_08,territory_01,salesperson_01,394
2018-11-17,customer_08,customer_08@xyz.com,9702439628,sku_25,territory_05,salesperson_05,285
2018-11-17,customer_12,customer_12@xyz.com,9004497775,sku_21,territory_05,salesperson_05,349
2018-11-18,customer_01,customer_01@xyz.com,9043931318,sku_09,territory_03,salesperson_03,308
2018-11-19,customer_13,customer_13@xyz.com,9813408165,sku_04,territory_05,salesperson_05,362
2018-11-19,customer_02,customer_02@xyz.com,9262490696,sku_22,territory_02,salesperson_02,381
2018-11-19,customer_13,customer_13@xyz.com,9813408165,sku_05,territory_05,salesperson_05,262
2018-11-19,customer_12,customer_12@xyz.com,9004497775,sku_19,territory_05,salesperson_05,374
2018-11-19,customer_03,customer_03@xyz.com,9622928160,sku_14,territory_01,salesperson_01,309
2018-11-20,customer_02,customer_02@xyz.com,9262490696,sku_22,territory_02,salesperson_02,375
2018-11-20,customer_05,customer_05@xyz.com,9793954050,sku_07,territory_03,salesperson_03,329
2018-11-20,customer_05,customer_05@xyz.com,9793954050,sku_06,territory_03,salesperson_03,377
2018-11-21,customer_01,customer_01@xyz.com,9043931318,sku_06,territory_03,salesperson_03,330
2018-11-21,customer_04,customer_04@xyz.com,9367845312,sku_22,territory_01,salesperson_01,239
2018-11-22,customer_13,customer_13@xyz.com,9813408165,sku_18,territory_05,salesperson_05,354
2018-11-24,customer_06,customer_06@xyz.com,9562174179,sku_09,territory_01,salesperson_01,498
2018-11-25,customer_03,customer_03@xyz.com,9622928160,sku_19,territory_01,salesperson_01,561
2018-11-25,customer_14,customer_14@xyz.com,9653837293,sku_08,territory_02,salesperson_02,434
2018-11-26,customer_03,customer_03@xyz.com,9622928160,sku_03,territory_01,salesperson_01,464
2018-11-26,customer_14,customer_14@xyz.com,9653837293,sku_15,territory_02,salesperson_02,455
2018-11-27,customer_07,customer_07@xyz.com,9945519187,sku_11,territory_01,salesperson_01,526
2018-11-27,customer_15,customer_15@xyz.com,9592555263,sku_24,territory_01,salesperson_01,529
2018-11-27,customer_15,customer_15@xyz.com,9592555263,sku_02,territory_01,salesperson_01,520
2018-11-28,customer_05,customer_05@xyz.com,9793954050,sku_24,territory_03,salesperson_03,522
2018-11-29,customer_14,customer_14@xyz.com,9653837293,sku_12,territory_02,salesperson_02,436
2018-11-29,customer_08,customer_08@xyz.com,9702439628,sku_16,territory_05,salesperson_05,456
2018-11-29,customer_11,customer_11@xyz.com,9120138209,sku_09,territory_02,salesperson_02,536
2018-11-30,customer_07,customer_07@xyz.com,9945519187,sku_21,territory_01,salesperson_01,467
2018-12-01,customer_04,customer_04@xyz.com,9367845312,sku_01,territory_01,salesperson_01,99
2018-12-02,customer_11,customer_11@xyz.com,9120138209,sku_08,territory_02,salesperson_02,67
2018-12-02,customer_12,customer_12@xyz.com,9004497775,sku_12,territory_05,salesperson_05,105
2018-12-05,customer_01,customer_01@xyz.com,9043931318,sku_16,territory_03,salesperson_03,111
2018-12-07,customer_04,customer_04@xyz.com,9367845312,sku_09,territory_01,salesperson_01,47
2018-12-08,customer_11,customer_11@xyz.com,9120138209,sku_10,territory_02,salesperson_02,136
2018-12-08,customer_01,customer_01@xyz.com,9043931318,sku_12,territory_03,salesperson_03,140
2018-12-11,customer_03,customer_03@xyz.com,9622928160,sku_02,territory_01,salesperson_01,172
2018-12-13,customer_11,customer_11@xyz.com,9120138209,sku_25,territory_02,salesperson_02,108
2018-12-13,customer_11,customer_11@xyz.com,9120138209,sku_04,territory_02,salesperson_02,156
2018-12-14,customer_04,customer_04@xyz.com,9367845312,sku_14,territory_01,salesperson_01,199
2018-12-15,customer_04,customer_04@xyz.com,9367845312,sku_14,territory_01,salesperson_01,184
2018-12-16,customer_07,customer_07@xyz.com,9945519187,sku_18,territory_01,salesperson_01,324
2018-12-16,customer_05,customer_05@xyz.com,9793954050,sku_10,territory_03,salesperson_03,403
2018-12-17,customer_15,customer_15@xyz.com,9592555263,sku_09,territory_01,salesperson_01,381
2018-12-18,customer_10,customer_10@xyz.com,9943301838,sku_12,territory_01,salesperson_01,259
2018-12-18,customer_01,customer_01@xyz.com,9043931318,sku_16,territory_03,salesperson_03,385
2018-12-19,customer_06,customer_06@xyz.com,9562174179,sku_09,territory_01,salesperson_01,283
2018-12-20,customer_15,customer_15@xyz.com,9592555263,sku_22,territory_01,salesperson_01,348
2018-12-20,customer_05,customer_05@xyz.com,9793954050,sku_15,territory_03,salesperson_03,331
2018-12-21,customer_12,customer_12@xyz.com,9004497775,sku_06,territory_05,salesperson_05,387
2018-12-21,customer_04,customer_04@xyz.com,9367845312,sku_14,territory_01,salesperson_01,324
2018-12-22,customer_04,customer_04@xyz.com,9367845312,sku_04,territory_01,salesperson_01,256
2018-12-23,customer_07,customer_07@xyz.com,9945519187,sku_19,territory_01,salesperson_01,335
2018-12-23,customer_03,customer_03@xyz.com,9622928160,sku_17,territory_01,salesperson_01,365
2018-12-24,customer_05,customer_05@xyz.com,9793954050,sku_16,territory_03,salesperson_03,448
2018-12-25,customer_06,customer_06@xyz.com,9562174179,sku_07,territory_01,salesperson_01,579
2018-12-26,customer_05,customer_05@xyz.com,9793954050,sku_18,territory_03,salesperson_03,509
2018-12-26,customer_14,customer_14@xyz.com,9653837293,sku_11,territory_02,salesperson_02,428
2018-12-27,customer_10,customer_10@xyz.com,9943301838,sku_01,territory_01,salesperson_01,513
2018-12-28,customer_13,customer_13@xyz.com,9813408165,sku_13,territory_05,salesperson_05,435
2018-12-28,customer_01,customer_01@xyz.com,9043931318,sku_04,territory_03,salesperson_03,405
2018-12-29,customer_11,customer_11@xyz.com,9120138209,sku_12,territory_02,salesperson_02,442
2018-12-29,customer_13,customer_13@xyz.com,9813408165,sku_24,territory_05,salesperson_05,518
2018-12-29,customer_03,customer_03@xyz.com,9622928160,sku_21,territory_01,salesperson_01,445
2018-12-30,customer_06,customer_06@xyz.com,9562174179,sku_20,territory_01,salesperson_01,509
2018-12-30,customer_09,customer_09@xyz.com,9297274110,sku_23,territory_04,salesperson_04,530
